Category,Component,Description,Status,Details
Backend Core,models.py,SQLAlchemy data models with TX/CA/NY/FL compliance,Complete,"Includes Owner, Holder, Claim, Document, WorkflowStep, DueDiligenceAction models with proper indexing and relationships"
Backend Core,app.py,"Flask API with security, validation, and multi-state support",Complete,"RESTful API with JWT auth, file uploads, Texas compliance validation, comprehensive error handling"
Backend Core,automation-system.py,"Scheduled tasks, email notifications, backup management",Complete,"Multi-state deadline tracking, automated reminders, S3 backup integration, audit logging"
Frontend Forms,OwnerClaimIntakeForm.jsx,Comprehensive owner claim intake with file upload,Complete,"Validation, multi-step form, document upload, state selection, responsive design"
Frontend Forms,HolderRemediationForm.jsx,Holder compliance checklist and document management,Complete,"Due diligence checklists, compliance deadline tracking, bulk document upload"
Frontend Dashboard,ClaimsTrackerDashboard.jsx,Real-time claims tracking and workflow management,Complete,"Live updates, filtering, compliance alerts, Texas deadline monitoring, task management"
Frontend Website,Website-Components.jsx,Professional website with trust markers and disclaimers,Complete,"Homepage, FAQ, state resource links, compliance disclaimers, SEO-optimized"
Legal Templates,service-agreement-template.md,Texas-compliant service agreement,Complete,"Fee structure, disclaimers, state compliance, termination clauses, dispute resolution"
Compliance Templates,due-diligence-letters-template.md,Texas due diligence notice templates,Complete,"Certified mail notices, email templates, final notices, documentation logs"
Marketing,texas-due-diligence-guide.md,10-minute compliance guide for holders,Complete,"Step-by-step checklist, templates, deadlines, best practices, troubleshooting"
